                  epoch,         train/box_loss,         train/seg_loss,         train/obj_loss,         train/cls_loss,   metrics/precision(B),      metrics/recall(B),     metrics/mAP_0.5(B),metrics/mAP_0.5:0.95(B),   metrics/precision(M),      metrics/recall(M),     metrics/mAP_0.5(M),metrics/mAP_0.5:0.95(M),           val/box_loss,           val/seg_loss,           val/obj_loss,           val/cls_loss,                  x/lr0,                  x/lr1,                  x/lr2
                      0,                0.11891,                 0.2359,                0.10609,               0.039354,              0.0030364,               0.027778,              0.0020206,             0.00025809,              0.0020243,               0.018519,              0.0011103,             0.00011103,                0.12877,                0.23596,                0.08193,               0.041052,                 0.0982,                 0.0002,                 0.0002
                      1,                0.11968,                0.20854,               0.091977,                0.03852,              0.0030992,               0.027778,              0.0020998,             0.00026681,              0.0020661,               0.018519,              0.0013753,             0.00025578,                0.12644,                0.14836,               0.084776,                0.04032,               0.095499,             0.00049901,             0.00049901
                      2,                0.11828,                0.14306,               0.092044,               0.039299,              0.0010482,              0.0092593,             0.00057622,             5.7622e-05,              0.0031447,               0.027778,              0.0021058,             0.00021058,                0.12138,               0.079316,               0.085857,               0.039679,               0.092797,             0.00079683,             0.00079683
                      3,                0.11506,                0.10731,                0.10374,               0.037859,              0.0018149,               0.018519,              0.0010922,             0.00010922,              0.0045372,               0.046296,              0.0036907,             0.00066744,                  0.113,               0.040124,               0.086861,               0.039043,               0.090093,              0.0010935,              0.0010935
                      4,                0.10912,                0.07487,                0.11576,               0.036047,              0.0014556,               0.018519,             0.00080129,              0.0001951,               0.024863,               0.055556,               0.018378,              0.0020332,                 0.1008,               0.026267,               0.089195,               0.037344,               0.087389,              0.0013889,              0.0013889
                      5,                0.10093,               0.052869,                0.12196,                0.03378,               0.018184,                0.38889,               0.022538,              0.0043409,                0.13845,                0.17593,                0.10549,               0.024885,               0.089779,               0.023753,               0.088593,               0.035115,               0.084683,              0.0016832,              0.0016832
                      6,               0.098703,               0.046379,                0.11815,               0.032302,                0.62371,                0.21296,                0.11763,               0.028695,                0.74393,                0.37037,                0.30412,               0.082493,               0.080222,               0.018484,               0.084541,               0.031105,               0.081976,              0.0019762,              0.0019762
                      7,               0.092505,               0.031515,                0.11316,               0.029651,                0.68561,                0.32407,                 0.1916,               0.046347,                0.77122,                0.44444,                0.32866,                 0.1107,               0.080702,               0.015453,                0.10368,               0.028693,               0.079268,              0.0022681,              0.0022681
                      8,               0.088645,               0.030853,               0.097882,               0.028982,                 0.2753,                0.64815,                0.44819,                 0.1422,                0.30283,                0.66667,                0.48186,                0.28423,               0.084054,               0.017251,                0.29147,               0.024042,               0.076559,              0.0025588,              0.0025588
                      9,               0.085028,               0.023037,               0.088727,                0.02527,                 0.1874,                0.69444,                0.27102,               0.087583,                0.26293,                0.80556,                0.39292,                0.17907,               0.080492,               0.014929,                0.30695,                 0.0207,               0.073848,              0.0028483,              0.0028483
                     10,               0.085443,               0.021041,               0.083263,               0.023158,                0.16739,                0.77778,                0.27903,               0.081563,                0.17679,                0.82407,                0.37525,                0.18262,               0.074469,                0.01471,                0.21323,                0.01498,               0.071137,              0.0031366,              0.0031366
                     11,               0.082878,               0.017604,                 0.0875,               0.020081,                0.16324,                 0.7963,                0.20512,               0.050307,                 0.1829,                0.93049,                 0.3123,                0.14334,               0.089467,               0.014803,                0.20155,               0.012843,               0.068424,              0.0034238,              0.0034238
                     12,               0.078448,               0.016756,                0.09204,                0.01923,                0.21735,                0.99074,                0.30471,                 0.1057,                0.21833,                      1,                0.33464,                0.19863,               0.087296,               0.019136,                0.15714,              0.0089779,                0.06571,              0.0037097,              0.0037097
                     13,               0.083407,               0.016669,               0.088492,               0.016232,                0.10053,                   0.75,                 0.1213,               0.052781,                0.25562,                0.70042,                0.35762,                 0.1955,                  0.082,               0.014682,                0.13565,              0.0095982,               0.062994,              0.0039945,              0.0039945
                     14,               0.078971,               0.014744,               0.090575,               0.014441,                0.13522,                0.68519,                  0.209,               0.065292,                0.17705,                      1,                0.61456,                0.27463,               0.083099,               0.018635,                0.13775,              0.0074135,               0.060278,               0.004278,               0.004278
                     15,               0.079998,               0.016147,               0.088329,               0.014135,                0.25208,                0.40741,                0.47947,                0.13189,                 0.6206,                0.96992,                 0.9891,                0.45332,               0.082539,               0.017861,               0.099068,              0.0071983,                0.05756,              0.0045604,              0.0045604
                     16,               0.078578,               0.014592,               0.071984,               0.012116,                0.20561,                0.42593,                0.24936,                0.05562,                0.35322,                0.91667,                0.38151,                0.19263,               0.085442,               0.012234,               0.084072,              0.0041136,               0.054842,              0.0048416,              0.0048416
                     17,               0.077345,               0.013317,               0.087862,                0.01031,                 0.7153,                    0.5,                0.34178,                0.15315,                0.41396,                0.66667,                0.59875,                0.31968,               0.071458,              0.0097091,               0.088432,               0.004656,               0.052122,              0.0051216,              0.0051216
                     18,               0.079286,               0.014138,               0.080557,              0.0095778,                0.30013,                 0.7856,                0.44409,                0.17436,                0.62434,                      1,                0.91237,                0.43649,               0.074117,              0.0093423,               0.082962,              0.0033348,                 0.0494,              0.0054004,              0.0054004
                     19,               0.075607,               0.015448,               0.079283,              0.0090237,                0.23368,                0.91667,                0.46192,                0.11469,                0.26994,                      1,                0.54169,                0.33869,               0.072092,               0.010777,                0.10074,              0.0030012,               0.046678,               0.005678,               0.005678
                     20,               0.077251,               0.014826,               0.081633,               0.007928,                0.26578,                0.62963,                0.41346,                0.15515,                0.22528,                0.77371,                0.42694,                  0.305,               0.086953,              0.0072828,               0.092758,              0.0029746,               0.043954,              0.0059545,              0.0059545
                     21,               0.099596,               0.013339,               0.071877,              0.0085507,                0.31892,                0.79085,                0.51441,                0.18567,                 0.3593,                0.88171,                0.55088,                 0.3059,               0.084194,              0.0081454,               0.055962,              0.0029715,                0.04123,              0.0062297,              0.0062297
                     22,               0.090528,               0.015363,               0.078893,              0.0072119,                0.21985,                0.95182,                0.27007,                0.13705,                0.25589,                0.91667,                0.28775,                0.24535,               0.084982,              0.0081259,               0.054119,              0.0030333,               0.038504,              0.0065038,              0.0065038
                     23,               0.092681,               0.013229,               0.060854,              0.0067365,                0.16771,                0.93519,                0.22229,               0.079122,                0.32182,                0.99074,                0.34992,                0.20156,               0.080754,              0.0068372,               0.063366,              0.0028931,               0.035777,              0.0067767,              0.0067767
                     24,                0.09269,               0.014942,                0.07843,              0.0064932,                0.24235,                0.81481,                0.25426,               0.067557,                0.62216,                0.97222,                0.70514,                0.28869,               0.090248,               0.010025,               0.090111,               0.002342,               0.033048,              0.0070484,              0.0070484
                     25,               0.091301,               0.019322,               0.078243,              0.0061726,                0.31113,                0.83333,                 0.4586,                 0.1661,                0.31113,                0.83333,                0.65945,                0.35348,               0.081801,               0.010237,               0.073002,              0.0020777,               0.030319,              0.0073188,              0.0073188
                     26,               0.094732,               0.021307,               0.071006,               0.005604,                 0.1732,                   0.75,                0.17804,               0.055718,                0.35118,                0.61111,                0.38886,                0.16482,               0.071801,               0.012714,               0.071728,              0.0026522,               0.027588,              0.0075882,              0.0075882
                     27,               0.087758,               0.023554,               0.068528,              0.0058046,                0.59694,                0.60537,                0.65247,                0.24641,                0.64078,                0.89327,                0.79771,                0.48161,               0.083457,               0.012216,               0.086975,              0.0023632,               0.024856,              0.0078563,              0.0078563
                     28,               0.082365,               0.020398,               0.075338,              0.0058248,                0.59694,                0.60537,                0.65247,                0.24641,                0.64078,                0.89327,                0.79771,                0.48161,               0.083457,               0.012216,               0.086975,              0.0023632,               0.022123,              0.0081232,              0.0081232
                     29,               0.078843,               0.017834,               0.070429,              0.0050851,                 0.3637,                0.87963,                0.42392,                0.12415,                0.45058,                 0.9537,                 0.7914,                 0.4587,               0.074809,              0.0074227,               0.076736,              0.0028833,               0.019389,               0.008389,               0.008389
                     30,               0.082906,               0.016515,               0.080615,              0.0055019,                0.24299,                0.91667,                0.37837,                0.14048,                0.27528,                      1,                0.51305,                0.35934,               0.089433,               0.010551,                0.12489,              0.0020519,               0.016654,              0.0086535,              0.0086535
                     31,               0.087711,               0.016535,               0.092483,              0.0048661,                0.38996,                0.90741,                0.62615,                0.14784,                0.46828,                0.98148,                0.89008,                0.60089,               0.068095,              0.0070602,               0.079613,              0.0021741,               0.013917,              0.0089169,              0.0089169
